# log10_L[m]	log10_tau_q[s]
-1.200000000000000000e+01	-4.214814594048395691e+01
-1.192988313856427318e+01	-4.214814594015054183e+01
-1.185976627712854814e+01	-4.214814593976694113e+01
-1.178964941569282132e+01	-4.214814593932558751e+01
-1.171953255425709450e+01	-4.214814593881779103e+01
-1.164941569282136946e+01	-4.214814593823355438e+01
-1.157929883138564264e+01	-4.214814593756135963e+01
-1.150918196994991582e+01	-4.214814593678796939e+01
-1.143906510851419078e+01	-4.214814593589815672e+01
-1.136894824707846396e+01	-4.214814593487438543e+01
-1.129883138564273715e+01	-4.214814593369649742e+01
-1.122871452420701210e+01	-4.214814593234127926e+01
-1.115859766277128529e+01	-4.214814593078205007e+01
-1.108848080133556024e+01	-4.214814592898808598e+01
-1.101836393989983343e+01	-4.214814592692405171e+01
-1.094824707846410661e+01	-4.214814592454929709e+01
-1.087813021702838157e+01	-4.214814592181704000e+01
-1.080801335559265475e+01	-4.214814591867346394e+01
-1.073789649415692793e+01	-4.214814591505663799e+01
-1.066777963272120289e+01	-4.214814591089533025e+01
-1.059766277128547607e+01	-4.214814590610757250e+01
-1.052754590984974925e+01	-4.214814590059904731e+01
-1.045742904841402421e+01	-4.214814589426125480e+01
-1.038731218697829739e+01	-4.214814588696935260e+01
-1.031719532554257057e+01	-4.214814587857971162e+01
-1.024707846410684553e+01	-4.214814586892706672e+01
-1.017696160267111871e+01	-4.214814585782129086e+01
-1.010684474123539189e+01	-4.214814584504361505e+01
-1.003672787979966685e+01	-4.214814583034236506e+01
-9.966611018363940033e+00	-4.214814581342793787e+01
-9.896494156928213215e+00	-4.214814579396718131e+01
-9.826377295492488173e+00	-4.214814577157674336e+01
-9.756260434056761355e+00	-4.214814574581558304e+01
-9.686143572621034536e+00	-4.214814571617627337e+01
-9.616026711185309495e+00	-4.214814568207498269e+01
-9.545909849749582676e+00	-4.214814564283999232e+01
-9.475792988313855858e+00	-4.214814559769845914e+01
-9.405676126878130816e+00	-4.214814554576120997e+01
-9.335559265442403998e+00	-4.214814548600517696e+01
-9.265442404006677179e+00	-4.214814541725331054e+01
-9.195325542570952138e+00	-4.214814533815135889e+01
-9.125208681135225319e+00	-4.214814524714119415e+01
-9.055091819699498501e+00	-4.214814514243010279e+01
-8.984974958263773459e+00	-4.214814502195553558e+01
-8.914858096828046641e+00	-4.214814488334440057e+01
-8.844741235392319822e+00	-4.214814472386636623e+01
-8.774624373956594781e+00	-4.214814454038009472e+01
-8.704507512520867962e+00	-4.214814432927130383e+01
-8.634390651085141144e+00	-4.214814408638163457e+01
-8.564273789649416102e+00	-4.214814380692671136e+01
-8.494156928213689284e+00	-4.214814348540189570e+01
-8.424040066777962465e+00	-4.214814311547387859e+01
-8.353923205342237424e+00	-4.214814268985590928e+01
-8.283806343906510605e+00	-4.214814220016427981e+01
-8.213689482470783787e+00	-4.214814163675317360e+01
-8.143572621035058745e+00	-4.214814098852466628e+01
-8.073455759599331927e+00	-4.214814024271012727e+01
-8.003338898163605108e+00	-4.214813938461868759e+01
-7.933222036727880067e+00	-4.214813839734789980e+01
-7.863105175292154136e+00	-4.214813726145076345e+01
-7.792988313856427318e+00	-4.214813595455269279e+01
-7.722871452420701388e+00	-4.214813445091075295e+01
-7.652754590984975458e+00	-4.214813272090663077e+01
-7.582637729549248640e+00	-4.214813073046317982e+01
-7.512520868113522710e+00	-4.214812844037321327e+01
-7.442404006677796779e+00	-4.214812580552720078e+01
-7.372287145242069961e+00	-4.214812277402469931e+01
-7.302170283806344031e+00	-4.214811928615209524e+01
-7.232053422370618101e+00	-4.214811527320632223e+01
-7.161936560934891283e+00	-4.214811065614163255e+01
-7.091819699499165353e+00	-4.214810534401256348e+01
-7.021702838063439422e+00	-4.214809923218255960e+01
-6.951585976627713492e+00	-4.214809220026288017e+01
-6.881469115191986674e+00	-4.214808410974128350e+01
-6.811352253756260744e+00	-4.214807480125367078e+01
-6.741235392320534814e+00	-4.214806409144507171e+01
-6.671118530884807996e+00	-4.214805176935805520e+01
-6.601001669449082065e+00	-4.214803759227748259e+01
-6.530884808013356135e+00	-4.214802128094974165e+01
-6.460767946577629317e+00	-4.214800251408227894e+01
-6.390651085141903387e+00	-4.214798092201521484e+01
-6.320534223706177457e+00	-4.214795607944024880e+01
-6.250417362270450639e+00	-4.214792749702358066e+01
-6.180300500834724708e+00	-4.214789461176786745e+01
-6.110183639398998778e+00	-4.214785677592335134e+01
-6.040066777963271960e+00	-4.214781324422991560e+01
-5.969949916527546030e+00	-4.214776315923875671e+01
-5.899833055091820100e+00	-4.214770553442477308e+01
-5.829716193656093282e+00	-4.214763923475711493e+01
-5.759599332220367351e+00	-4.214756295434543176e+01
-5.689482470784641421e+00	-4.214747519072181348e+01
-5.619365609348915491e+00	-4.214737421525226324e+01
-5.549248747913188673e+00	-4.214725803909529134e+01
-5.479131886477462743e+00	-4.214712437403795064e+01
-5.409015025041736813e+00	-4.214697058743865909e+01
-5.338898163606009994e+00	-4.214679365039059178e+01
-5.268781302170284064e+00	-4.214659007808614177e+01
-5.198664440734558134e+00	-4.214635586120997601e+01
-5.128547579298831316e+00	-4.214608638701211163e+01
-5.058430717863105386e+00	-4.214577634850997612e+01
-4.988313856427379456e+00	-4.214541964003611696e+01
-4.918196994991652637e+00	-4.214500923708053648e+01
-4.848080133555926707e+00	-4.214453705806953110e+01
-4.777963272120200777e+00	-4.214399380537003736e+01
-4.707846410684474847e+00	-4.214336878240283113e+01
-4.637729549248748029e+00	-4.214264968328232186e+01
-4.567612687813022099e+00	-4.214182235086621375e+01
-4.497495826377296169e+00	-4.214087049848445332e+01
-4.427378964941569350e+00	-4.213977538991306915e+01
-4.357262103505843420e+00	-4.213851547135121223e+01
-4.287145242070117490e+00	-4.213706594823427309e+01
-4.217028380634390672e+00	-4.213539829865576536e+01
-4.146911519198664742e+00	-4.213347971395750591e+01
-4.076794657762938812e+00	-4.213127245565891599e+01
-4.006677796327211993e+00	-4.212873311631032891e+01
-3.936560934891486951e+00	-4.212581177004351929e+01
-3.866444073455760133e+00	-4.212245099652771785e+01
-3.796327212020033315e+00	-4.211858475968765703e+01
-3.726210350584308273e+00	-4.211413711986736530e+01
-3.656093489148581455e+00	-4.210902075509057596e+01
-3.585976627712854636e+00	-4.210313526363678704e+01
-3.515859766277129594e+00	-4.209636521627724193e+01
-3.445742904841402776e+00	-4.208857792215653149e+01
-3.375626043405675958e+00	-4.207962086742035979e+01
-3.305509181969950916e+00	-4.206931878024042959e+01
-3.235392320534224098e+00	-4.205747026984342085e+01
-3.165275459098497279e+00	-4.204384398049247551e+01
-3.095158597662772237e+00	-4.202817419409858957e+01
-3.025041736227045419e+00	-4.201015580728363119e+01
-2.954924874791318601e+00	-4.198943860034766828e+01
-2.884808013355593559e+00	-4.196562070683891932e+01
-2.814691151919866741e+00	-4.193824118349461116e+01
-2.744574290484139922e+00	-4.190677157153496069e+01
-2.674457429048414880e+00	-4.187060633211675054e+01
-2.604340567612688062e+00	-4.182905203185215726e+01
-2.534223706176961244e+00	-4.178131514959228809e+01
-2.464106844741236202e+00	-4.172648837441920477e+01
-2.393989983305509384e+00	-4.166353526866579671e+01
-2.323873121869782565e+00	-4.159127318101096904e+01
-2.253756260434057523e+00	-4.150835431616810922e+01
-2.183639398998330705e+00	-4.141324490310262973e+01
-2.113522537562603887e+00	-4.130420245775491139e+01
-2.043405676126878845e+00	-4.117925121470231176e+01
-1.973288814691152027e+00	-4.103615591209731406e+01
-1.903171953255426985e+00	-4.087239426388016739e+01
-1.833055091819700166e+00	-4.068512865218312413e+01
-1.762938230383973348e+00	-4.047117783138892833e+01
-1.692821368948248306e+00	-4.022698976403111004e+01
-1.622704507512521488e+00	-3.994861711715294916e+01
-1.552587646076794670e+00	-3.963169744239698389e+01
-1.482470784641069628e+00	-3.927144064453825223e+01
-1.412353923205342809e+00	-3.886262700179262453e+01
-1.342237061769615991e+00	-3.839961971164464671e+01
-1.272120200333890949e+00	-3.787639665003049316e+01
-1.202003338898164131e+00	-3.728660667074091606e+01
-1.131886477462437313e+00	-3.662365621880385191e+01
-1.061769616026712271e+00	-3.588083212549500445e+01
-9.916527545909854524e-01	-3.505146598892780219e+01
-9.215358931552586341e-01	-3.412914428486516272e+01
-8.514190317195335922e-01	-3.310796605196160414e+01
-7.813021702838067739e-01	-3.198284644793852038e+01
-7.111853088480799556e-01	-3.074985958164089794e+01
-6.410684474123549137e-01	-2.940660789331234071e+01
-5.709515859766280954e-01	-2.795259837913548040e+01
-5.008347245409012771e-01	-2.638959890126544039e+01
-4.307178631051762352e-01	-2.472194183560727510e+01
-3.606010016694494169e-01	-2.295673881608783518e+01
-2.904841402337225986e-01	-2.110397082123503054e+01
-2.203672787979975567e-01	-1.917642349776693322e+01
-1.502504173622707384e-01	-1.718944887893643170e+01
-8.013355592654392012e-02	-1.516055088894998448e+01
-1.001669449081887819e-02	-1.310881133665394138e+01
6.010016694490794009e-02	-1.105419254135752105e+01
1.302170283806347584e-01	-9.016768854841183511e+00
2.003338898163598003e-01	-7.015949022796620582e+00
2.704507512520866186e-01	-5.069752595478373536e+00
3.405676126878134369e-01	-3.194196188546893467e+00
4.106844741235384788e-01	-1.402830831890168994e+00
4.808013355592652971e-01	2.935472014282058950e-01
5.509181969949903390e-01	1.887009378555815076e+00
6.210350584307171573e-01	3.372446354376302580e+00
6.911519198664439756e-01	4.747385338147855904e+00
7.612687813021690175e-01	6.011708083280536741e+00
8.313856427378958358e-01	7.167306069440504857e+00
9.015025041736226541e-01	8.217706944056802243e+00
9.716193656093476960e-01	9.167700860486375447e+00
1.041736227045074514e+00	1.002298846769871510e+01
1.111853088480801333e+00	1.078986521242859986e+01
1.181969949916526375e+00	1.147495018546613998e+01
1.252086811352253193e+00	1.208496247596680639e+01
1.322203672787980011e+00	1.262654406894406200e+01
1.392320534223705053e+00	1.310612568206822637e+01
1.462437395659431871e+00	1.352983040552914851e+01
1.532554257095158690e+00	1.390340934296862052e+01
1.602671118530883732e+00	1.423220340871059086e+01
1.672787979966610550e+00	1.452112580094817851e+01
1.742904841402337368e+00	1.477466026847173275e+01
1.813021702838062410e+00	1.499687099074278329e+01
1.883138564273789228e+00	1.519142060867998545e+01
1.953255425709516047e+00	1.536159362038257292e+01
2.023372287145241089e+00	1.551032296106193975e+01
2.093489148580967907e+00	1.564021810620023523e+01
2.163606010016694725e+00	1.575359346954975770e+01
2.233722871452419767e+00	1.585249621819977328e+01
2.303839732888146585e+00	1.593873290447376512e+01
2.373956594323873404e+00	1.601389452929258539e+01
2.444073455759598446e+00	1.607937981435761543e+01
2.514190317195325264e+00	1.613641658086790898e+01
2.584307178631050306e+00	1.618608121915341513e+01
2.654424040066777124e+00	1.622931629397987052e+01
2.724540901502503942e+00	1.626694637049626380e+01
2.794657762938228984e+00	1.629969217083346678e+01
2.864774624373955803e+00	1.632818318518945944e+01
2.934891485809682621e+00	1.635296886695990537e+01
3.005008347245407663e+00	1.637452854148980208e+01
3.075125208681134481e+00	1.639328015415723172e+01
3.145242070116861299e+00	1.640958797711925143e+01
3.215358931552586341e+00	1.642376938616080650e+01
3.285475792988313160e+00	1.643610081042074000e+01
3.355592654424039978e+00	1.644682294884149343e+01
3.425709515859765020e+00	1.645614533835942694e+01
3.495826377295491838e+00	1.646425035035704099e+01
3.565943238731218656e+00	1.647129668388672030e+01
3.636060100166943698e+00	1.647742241673312691e+01
3.706176961602670517e+00	1.648274766854666495e+01
3.776293823038397335e+00	1.648737692406215416e+01
3.846410684474122377e+00	1.649140105879995843e+01
3.916527545909849195e+00	1.649489910460442132e+01
3.986644407345576013e+00	1.649793978786902215e+01
4.056761268781301055e+00	1.650058286928960882e+01
4.126878130217026097e+00	1.650288031043258030e+01
4.196994991652754692e+00	1.650487728926251663e+01
4.267111853088479734e+00	1.650661308400186300e+01
4.337228714524204776e+00	1.650812184225574342e+01
4.407345575959933370e+00	1.650943325019131080e+01
4.477462437395658412e+00	1.651057311468022348e+01
4.547579298831383454e+00	1.651156386966524892e+01
4.617696160267112049e+00	1.651242501656938799e+01
4.687813021702837091e+00	1.651317350730495903e+01
4.757929883138562133e+00	1.651382407733809643e+01
4.828046744574290727e+00	1.651438953530197651e+01
4.898163606010015769e+00	1.651488101481293569e+01
4.968280467445740811e+00	1.651530819341099487e+01
5.038397328881469406e+00	1.651567948290868415e+01
5.108514190317194448e+00	1.651600219487557908e+01
5.178631051752919490e+00	1.651628268450166104e+01
5.248747913188648084e+00	1.651652647566085008e+01
5.318864774624373126e+00	1.651673836962867981e+01
5.388981636060098168e+00	1.651692253958838208e+01
5.459098497495826763e+00	1.651708261278179535e+01
5.529215358931551805e+00	1.651722174191890602e+01
5.599332220367276847e+00	1.651734266724976052e+01
5.669449081803005441e+00	1.651744777051900215e+01
5.739565943238730483e+00	1.651753912186415363e+01
5.809682804674455525e+00	1.651761852057991575e+01
5.879799666110184120e+00	1.651768753055070960e+01
5.949916527545909162e+00	1.651774751104842665e+01
6.020033388981634204e+00	1.651779964350155794e+01
6.090150250417362798e+00	1.651784495476251990e+01
6.160267111853087840e+00	1.651788433733126382e+01
6.230383973288812882e+00	1.651791856693311189e+01
6.300500834724541477e+00	1.651794831779704964e+01
6.370617696160266519e+00	1.651797417593514083e+01
6.440734557595991561e+00	1.651799665068465117e+01
6.510851419031720155e+00	1.651801618474005551e+01
6.580968280467445197e+00	1.651803316287253054e+01
6.651085141903170239e+00	1.651804791950865692e+01
6.721202003338898834e+00	1.651806074531749502e+01
6.791318864774623876e+00	1.651807189293588962e+01
6.861435726210348918e+00	1.651808158194458187e+01
6.931552587646077512e+00	1.651809000319335041e+01
7.001669449081802554e+00	1.651809732256012708e+01
7.071786310517527596e+00	1.651810368421837083e+01
7.141903171953256191e+00	1.651810921347678729e+01
7.212020033388981233e+00	1.651811401924755884e+01
7.282136894824706275e+00	1.651811819619157973e+01
7.352253756260434869e+00	1.651812182658290240e+01
7.422370617696159911e+00	1.651812498192929368e+01
7.492487479131884953e+00	1.651812772438057664e+01
7.562604340567613548e+00	1.651813010795267900e+01
7.632721202003338590e+00	1.651813217959144708e+01
7.702838063439063632e+00	1.651813398009709388e+01
7.772954924874792226e+00	1.651813554492757063e+01
7.843071786310517268e+00	1.651813690489663244e+01
7.913188647746242310e+00	1.651813808678035400e+01
7.983305509181970905e+00	1.651813911384401123e+01
8.053422370617695947e+00	1.651814000629962820e+01
8.123539232053420989e+00	1.651814078170334454e+01
8.193656093489146031e+00	1.651814145530016376e+01
8.263772954924874625e+00	1.651814204032307387e+01
8.333889816360599667e+00	1.651814254825219663e+01
8.404006677796324709e+00	1.651814298903913425e+01
8.474123539232053304e+00	1.651814337130081611e+01
8.544240400667778346e+00	1.651814370248665398e+01
8.614357262103503388e+00	1.651814398902208936e+01
8.684474123539231982e+00	1.651814423643142504e+01
8.754590984974957024e+00	1.651814444944209725e+01
8.824707846410682066e+00	1.651814463207237793e+01
8.894824707846410661e+00	1.651814478770409167e+01
8.964941569282135703e+00	1.651814491914150906e+01
9.035058430717860745e+00	1.651814502865744316e+01
9.105175292153589339e+00	1.651814511802719210e+01
9.175292153589314381e+00	1.651814518855062985e+01
9.245409015025039423e+00	1.651814524106267257e+01
9.315525876460768018e+00	1.651814527593186099e+01
9.385642737896493060e+00	1.651814529304662571e+01
9.455759599332218102e+00	1.651814529178843216e+01
9.525876460767946696e+00	1.651814527099086405e+01
9.595993322203671738e+00	1.651814522888300019e+01
9.666110183639396780e+00	1.651814516301543279e+01
9.736227045075125375e+00	1.651814507016670674e+01
9.806343906510850417e+00	1.651814494622729868e+01
9.876460767946575459e+00	1.651814478605808034e+01
9.946577629382304053e+00	1.651814458331942959e+01
1.001669449081802910e+01	1.651814433026637730e+01
1.008681135225375414e+01	1.651814401750464967e+01
1.015692821368948273e+01	1.651814363370158745e+01
1.022704507512520777e+01	1.651814316524467685e+01
1.029716193656093282e+01	1.651814259583990463e+01
1.036727879799666141e+01	1.651814190604034494e+01
1.043739565943238645e+01	1.651814107269446907e+01
1.050751252086811149e+01	1.651814006830198522e+01
1.057762938230384009e+01	1.651813886026327793e+01
1.064774624373956513e+01	1.651813741000681546e+01
1.071786310517529017e+01	1.651813567197647714e+01
1.078797996661101877e+01	1.651813359245886303e+01
1.085809682804674381e+01	1.651813110822758190e+01
1.092821368948246885e+01	1.651812814497913351e+01
1.099833055091819745e+01	1.651812461553145539e+01
1.106844741235392249e+01	1.651812041775316686e+01
1.113856427378964753e+01	1.651811543218743950e+01
1.120868113522537612e+01	1.651810951933063620e+01
1.127879799666110117e+01	1.651810251652119987e+01
1.134891485809682621e+01	1.651809423438973212e+01
1.141903171953255480e+01	1.651808445281572801e+01
1.148914858096827984e+01	1.651807291633122787e+01
1.155926544240400489e+01	1.651805932890556505e+01
1.162938230383973348e+01	1.651804334803916774e+01
1.169949916527545852e+01	1.651802457808769375e+01
1.176961602671118357e+01	1.651800256273101652e+01
1.183973288814691216e+01	1.651797677649392782e+01
1.190984974958263720e+01	1.651794661521840268e+01
1.197996661101836224e+01	1.651791138537894099e+01
1.205008347245409084e+01	1.651787029212496805e+01
1.212020033388981588e+01	1.651782242592604888e+01
1.219031719532554092e+01	1.651776674768765218e+01
1.226043405676126952e+01	1.651770207219721343e+01
1.233055091819699456e+01	1.651762704975251239e+01
1.240066777963271960e+01	1.651754014581701213e+01
1.247078464106844820e+01	1.651743961853968301e+01
1.254090150250417324e+01	1.651732349397092392e+01
1.261101836393989828e+01	1.651718953880047991e+01
1.268113522537562687e+01	1.651703523043908106e+01
1.275125208681135192e+01	1.651685772426270304e+01
1.282136894824707696e+01	1.651665381783649522e+01
1.289148580968280200e+01	1.651641991193639214e+01
1.296160267111853059e+01	1.651615196818847053e+01
1.303171953255425564e+01	1.651584546315143598e+01
1.310183639398998068e+01	1.651549533867534691e+01
1.317195325542570927e+01	1.651509594838043071e+01
1.324207011686143431e+01	1.651464100011429537e+01
1.331218697829715936e+01	1.651412349426395210e+01
1.338230383973288795e+01	1.651353565782141786e+01
1.345242070116861299e+01	1.651286887412830851e+01
1.352253756260433804e+01	1.651211360825660890e+01
1.359265442404006663e+01	1.651125932801951279e+01
1.366277128547579167e+01	1.651029442064852759e+01
1.373288814691151671e+01	1.650920610522075194e+01
1.380300500834724531e+01	1.650798034097430289e+01
1.387312186978297035e+01	1.650660173170954081e+01
1.394323873121869539e+01	1.650505342653989160e+01
1.401335559265442399e+01	1.650331701732823575e+01
1.408347245409014903e+01	1.650137243322316394e+01
1.415358931552587407e+01	1.649919783279375807e+01
1.422370617696160267e+01	1.649676949435145801e+01
1.429382303839732771e+01	1.649406170514300030e+01
1.436393989983305275e+01	1.649104665019862281e+01
1.443405676126878134e+01	1.648769430172387729e+01
1.450417362270450639e+01	1.648397231003150409e+01
1.457429048414023143e+01	1.647984589711984071e+01
1.464440734557596002e+01	1.647527775411621320e+01
1.471452420701168506e+01	1.647022794391543954e+01
1.478464106844741011e+01	1.646465381045469556e+01
1.485475792988313870e+01	1.645850989617379767e+01
1.492487479131886374e+01	1.645174786931386990e+01
1.499499165275458878e+01	1.644431646280472847e+01
1.506510851419031738e+01	1.643616142658087043e+01
1.513522537562604242e+01	1.642722549524509645e+01
1.520534223706176746e+01	1.641744837306553961e+01
1.527545909849749606e+01	1.640676673834441601e+01
1.534557595993322110e+01	1.639511426923195003e+01
1.541569282136894614e+01	1.638242169307557461e+01
1.548580968280467474e+01	1.636861686138911054e+01
1.555592654424039978e+01	1.635362485249827813e+01
1.562604340567612482e+01	1.633736810386409388e+01
1.569616026711185341e+01	1.631976657600383263e+01
1.576627712854757846e+01	1.630073794981728952e+01
1.583639398998330350e+01	1.628019785898328209e+01
1.590651085141903209e+01	1.625806015891593148e+01
1.597662771285475714e+01	1.623423723356136250e+01
1.604674457429048218e+01	1.620864034107256302e+01
1.611686143572621077e+01	1.618117999912274740e+01
1.618697829716193581e+01	1.615176641030604543e+01
1.625709515859766086e+01	1.612030992772944060e+01
1.632721202003338945e+01	1.608672156052275781e+01
1.639732888146911449e+01	1.605091351858591509e+01
1.646744574290483953e+01	1.601279979545689258e+01
1.653756260434056813e+01	1.597229678772327510e+01
1.660767946577629317e+01	1.592932394891773740e+01
1.667779632721201821e+01	1.588380447533813999e+01
1.674791318864774681e+01	1.583566602072024843e+01
1.681803005008347185e+01	1.578484143617132318e+01
1.688814691151919689e+01	1.573126953125110816e+01
1.695826377295492549e+01	1.567489585156985754e+01
1.702838063439065053e+01	1.561567346776740983e+01
1.709849749582637557e+01	1.555356377025028536e+01
1.716861435726210061e+01	1.548853726360216321e+01
1.723873121869782921e+01	1.542057435415514988e+01
1.730884808013355425e+01	1.534966612382168982e+01
1.737896494156927929e+01	1.527581508294849932e+01
1.744908180300500788e+01	1.519903589467040028e+01
1.751919866444073293e+01	1.511935606302271395e+01
1.758931552587645797e+01	1.503681657692017382e+01
1.765943238731218656e+01	1.495147250203687150e+01
1.772954924874791161e+01	1.486339351262966346e+01
1.779966611018363665e+01	1.477266435544198586e+01
1.786978297161936524e+01	1.467938523801047168e+01
1.793989983305509028e+01	1.458367213397619189e+01
1.801001669449081533e+01	1.448565699837670984e+01
1.808013355592654392e+01	1.438548788636699705e+01
1.815025041736226896e+01	1.428332896938412588e+01
1.822036727879799400e+01	1.417936044343219315e+01
1.829048414023372260e+01	1.407377832491609482e+01
1.836060100166944764e+01	1.396679413029143291e+01
1.843071786310517268e+01	1.385863443671662765e+01
1.850083472454090128e+01	1.374954032188538910e+01
1.857095158597662632e+01	1.363976668227381239e+01
1.864106844741235136e+01	1.352958143014713599e+01
1.871118530884807996e+01	1.341926457082516322e+01
1.878130217028380500e+01	1.330910716289065121e+01
1.885141903171953004e+01	1.319941016522816213e+01
1.892153589315525863e+01	1.309048317598882427e+01
1.899165275459098368e+01	1.298264306977392479e+01
1.906176961602670872e+01	1.287621254050302255e+01
1.913188647746243731e+01	1.277151855856542895e+01
1.920200333889816235e+01	1.266889075193189207e+01
1.927212020033388740e+01	1.256865972191190650e+01
1.934223706176961599e+01	1.247115530516715864e+01
1.941235392320534103e+01	1.237670479441884375e+01
1.948247078464106607e+01	1.228563113100416260e+01
1.955258764607679467e+01	1.219825108303331618e+01
1.962270450751251971e+01	1.211487342336234363e+01
1.969282136894824475e+01	1.203579712192077267e+01
1.976293823038397335e+01	1.196130956710933368e+01
1.983305509181969839e+01	1.189168483100606366e+01
1.990317195325542343e+01	1.182718199298642503e+01
1.997328881469115203e+01	1.176804353607279197e+01
2.004340567612687352e+01	1.171449382988159371e+01
2.011352253756260211e+01	1.166673771343564781e+01
2.018363939899833071e+01	1.162495919035941938e+01
2.025375626043405219e+01	1.158932024808308725e+01
2.032387312186978079e+01	1.155995981165654030e+01
2.039398998330550938e+01	1.153699284162729555e+01
2.046410684474123087e+01	1.152050958417932236e+01
2.053422370617695947e+01	1.151057498037727633e+01
2.060434056761268806e+01	1.150722823992766664e+01
2.067445742904840955e+01	1.151048258337182872e+01
2.074457429048413815e+01	1.152032515508287602e+01
2.081469115191986674e+01	1.153671710786781190e+01
2.088480801335558823e+01	1.155959385839569720e+01
2.095492487479131682e+01	1.158886551110160923e+01
2.102504173622704542e+01	1.162441744667279764e+01
2.109515859766276691e+01	1.166611106972604972e+01
2.116527545909849550e+01	1.171378470885140999e+01
2.123539232053422410e+01	1.176725466084344163e+01
2.130550918196994559e+01	1.182631636968299560e+01
2.137562604340567418e+01	1.189074572968366006e+01
2.144574290484140278e+01	1.196030050119029298e+01
2.151585976627712427e+01	1.203472182632359733e+01
2.158597662771285286e+01	1.211373583151265443e+01
2.165609348914858145e+01	1.219705530295435736e+01
2.172621035058430294e+01	1.228438142068973704e+01
2.179632721202003154e+01	1.237540553669452592e+01
2.186644407345576013e+01	1.246981098224618378e+01
2.193656093489148162e+01	1.256727488985105623e+01
2.200667779632721022e+01	1.266747001518906757e+01
2.207679465776293881e+01	1.277006654485489712e+01
2.214691151919866030e+01	1.287473387613722409e+01
2.221702838063438890e+01	1.298114235567136276e+01
2.228714524207011749e+01	1.308896496451656155e+01
2.235726210350583898e+01	1.319787893803547263e+01
2.242737896494156757e+01	1.330756730987665293e+01
2.249749582637729617e+01	1.341772037036849774e+01
2.256761268781301766e+01	1.352803703071051089e+01
2.263772954924874625e+01	1.363822608547993909e+01
2.270784641068447485e+01	1.374800736714403726e+01
2.277796327212019634e+01	1.385711278746598119e+01
2.284808013355592493e+01	1.396528726189980674e+01
2.291819699499165353e+01	1.407228951427326891e+01
2.298831385642737501e+01	1.417789276024339884e+01
2.305843071786310361e+01	1.428188526916375167e+01
2.312854757929883220e+01	1.438407080511371205e+01
2.319866444073455369e+01	1.448426894889765038e+01
2.326878130217028229e+01	1.458231530381423902e+01
2.333889816360601088e+01	1.467806158891630375e+01
2.340901502504173237e+01	1.477137562432157303e+01
2.347913188647746097e+01	1.486214121388792719e+01
2.354924874791318956e+01	1.495025793122936975e+01
2.361936560934891105e+01	1.503564081561784249e+01
2.368948247078463964e+01	1.511821998478835738e+01
2.375959933222036824e+01	1.519794017204118930e+01
2.382971619365608973e+01	1.527476019531557228e+01
2.389983305509181832e+01	1.534865236609583761e+01
2.396994991652754692e+01	1.541960184610684692e+01
2.404006677796326841e+01	1.548760595976492027e+01
2.411018363939899700e+01	1.555267347027750091e+01
2.418030050083472560e+01	1.561482382713579220e+01
2.425041736227044709e+01	1.567408639252584734e+01
2.432053422370617568e+01	1.573049965390125671e+01
2.439065108514190428e+01	1.578411042962245681e+01
2.446076794657762576e+01	1.583497307418121380e+01
2.453088480801335436e+01	1.588314868910098099e+01
2.460100166944908295e+01	1.592870434514289002e+01
2.467111853088480444e+01	1.597171232096034466e+01
2.474123539232053304e+01	1.601224936283974642e+01
2.481135225375626163e+01	1.605039596964800452e+01
2.488146911519198312e+01	1.608623570658608770e+01
2.495158597662771172e+01	1.611985455082766805e+01
2.502170283806344031e+01	1.615134027160938501e+01
2.509181969949916180e+01	1.618078184683916021e+01
2.516193656093489039e+01	1.620826891780650314e+01
2.523205342237061899e+01	1.623389128311740492e+01
2.530217028380634048e+01	1.625773843254066264e+01
2.537228714524206907e+01	1.627989912104433401e+01
2.544240400667779767e+01	1.630046098292338286e+01
2.551252086811351916e+01	1.631951018557440491e+01
2.558263772954924775e+01	1.633713112216108598e+01
2.565275459098497635e+01	1.635340614213640720e+01
2.572287145242069784e+01	1.636841531834408059e+01
2.579298831385642643e+01	1.638223624921234034e+01
2.586310517529215502e+01	1.639494389437746236e+01
2.593322203672787651e+01	1.640661044193091200e+01
2.600333889816360511e+01	1.641730520537201343e+01
2.607345575959933370e+01	1.642709454826528770e+01
2.614357262103505519e+01	1.643604183454691992e+01
2.621368948247078379e+01	1.644420740239571188e+01
2.628380634390651238e+01	1.645164855957845162e+01
2.635392320534223387e+01	1.645841959819579614e+01
2.642404006677796247e+01	1.646457182678982534e+01
2.649415692821369106e+01	1.647015361782657195e+01
2.656427378964941255e+01	1.647521046863347038e+01
2.663439065108514114e+01	1.647978507395078296e+01
2.670450751252086974e+01	1.648391740834516028e+01
2.677462437395659123e+01	1.648764481683116045e+01
2.684474123539231982e+01	1.649100211214996747e+01
2.691485809682804842e+01	1.649402167726274371e+01
2.698497495826376991e+01	1.649673357172675736e+01
2.705509181969949850e+01	1.649916564073438607e+01
2.712520868113522710e+01	1.650134362570680935e+01
2.719532554257094858e+01	1.650329127544464569e+01
2.726544240400667718e+01	1.650503045694544113e+01
2.733555926544240577e+01	1.650658126510259294e+01
2.740567612687812726e+01	1.650796213060020889e+01
2.747579298831385586e+01	1.650918992541415875e+01
2.754590984974958445e+01	1.651028006541930893e+01
2.761602671118530594e+01	1.651124660968763891e+01
2.768614357262103454e+01	1.651210235614008681e+01
2.775626043405676313e+01	1.651285893328747534e+01
2.782637729549248462e+01	1.651352688786185041e+01
2.789649415692821321e+01	1.651411576819964466e+01
2.796661101836394181e+01	1.651463420329183762e+01
2.803672787979966330e+01	1.651508997746445573e+01
2.810684474123539189e+01	1.651549010069484069e+01
2.817696160267112049e+01	1.651584087460615180e+01
2.824707846410684198e+01	1.651614795421416559e+01
2.831719532554257057e+01	1.651641640552728063e+01
2.838731218697829206e+01	1.651665075912310954e+01
2.845742904841402066e+01	1.651685505984306346e+01
2.852754590984974925e+01	1.651703291276088947e+01
2.859766277128547074e+01	1.651718752559192538e+01
2.866777963272119933e+01	1.651732174771768058e+01
2.873789649415692793e+01	1.651743810600548201e+01
2.880801335559264942e+01	1.651753883760532560e+01
2.887813021702837801e+01	1.651762591990672391e+01
2.894824707846410661e+01	1.651770109783678819e+01
2.901836393989982810e+01	1.651776590867789452e+01
2.908848080133555669e+01	1.651782170457893528e+01
2.915859766277128529e+01	1.651786967292888164e+01
2.922871452420700678e+01	1.651791085475500864e+01
2.929883138564273537e+01	1.651794616130133875e+01
2.936894824707846396e+01	1.651797638893540565e+01
2.943906510851418545e+01	1.651800223252364574e+01
2.950918196994991405e+01	1.651802429740784817e+01
2.957929883138564264e+01	1.651804311010695514e+01
2.964941569282136413e+01	1.651805912786051422e+01
2.971953255425709273e+01	1.651807274712209406e+01
2.978964941569282132e+01	1.651808431110324804e+01
2.985976627712854281e+01	1.651809411646103243e+01
2.992988313856427141e+01	1.651810241921477029e+01
3.000000000000000000e+01	1.651810943997091741e+01
